{"stats":{"minecraft:picked_up":{"minecraft:lime_bed":1,"minecraft:yellow_shulker_box":5,"minecraft:clay_ball":3,"minecraft:cactus":41,"minecraft:light_gray_shulker_box":18,"minecraft:light_blue_shulker_box":1,"minecraft:white_shulker_box":9,"minecraft:shulker_box":3},"minecraft:custom":{"minecraft:time_since_rest":11542,"minecraft:open_chest":4,"minecraft:crouch_one_cm":1144,"minecraft:sprint_one_cm":7623,"minecraft:play_time":11542,"minecraft:walk_one_cm":4546,"minecraft:sneak_time":821,"minecraft:mob_kills":1,"minecraft:jump":7,"minecraft:inspect_hopper":23,"minecraft:damage_dealt":10,"minecraft:leave_game":2,"minecraft:walk_on_water_one_cm":341,"minecraft:time_since_death":11542,"minecraft:total_world_time":11579,"minecraft:fly_one_cm":81982,"minecraft:inspect_dispenser":3},"minecraft:used":{"minecraft:water_bucket":1,"minecraft:hopper":12,"minecraft:redstone_block":2,"minecraft:observer":8,"minecraft:gray_stained_glass":49}},"DataVersion":2865}